"Дата","Цена","Откр.","Макс.","Мин.","Объём","Изм. %"
"22.02.2021","120,86","118,59","121,12","118,59","5,88M","1,57%"
"19.02.2021","118,99","120,75","120,76","118,38","6,58M","-1,44%"
"18.02.2021","120,73","120,31","120,92","119,70","5,40M","0,63%"
"17.02.2021","119,97","119,27","120,56","119,02","3,95M","-0,08%"
"16.02.2021","120,07","120,15","120,60","119,36","6,61M","-0,60%"
"12.02.2021","120,80","121,00","121,36","120,09","3,87M","-0,09%"
"11.02.2021","120,91","122,00","122,21","120,63","5,37M","-1,09%"
"10.02.2021","122,24","123,03","123,41","121,21","4,84M","0,11%"
"09.02.2021","122,10","121,90","122,60","121,05","4,66M","-1,22%"
"08.02.2021","123,61","122,62","123,98","122,40","5,86M","1,49%"
"05.02.2021","121,79","121,00","121,81","120,52","4,57M","0,64%"
"04.02.2021","121,02","119,50","121,09","118,90","4,56M","1,60%"
"03.02.2021","119,12","119,13","119,73","118,12","6,72M","-0,27%"
"02.02.2021","119,44","119,82","120,81","119,40","6,34M","-0,91%"
"01.02.2021","120,54","120,00","120,94","118,74","6,25M","1,20%"
"29.01.2021","119,11","120,22","121,30","118,90","11,83M","-0,81%"
"28.01.2021","120,08","122,99","123,10","120,08","8,08M","-1,95%"
"27.01.2021","122,47","121,86","124,78","121,86","12,15M","-0,02%"
"26.01.2021","122,49","119,29","122,56","118,43","10,69M","3,30%"
"25.01.2021","118,58","118,76","119,51","117,46","13,69M","-0,03%"
"22.01.2021","118,61","120,70","120,70","117,36","38,06M","-9,91%"
"21.01.2021","131,65","130,12","132,24","130,05","12,82M","1,21%"
"20.01.2021","130,08","129,70","131,06","128,56","5,60M","0,82%"
"19.01.2021","129,02","129,34","129,54","128,13","5,40M","0,49%"
"15.01.2021","128,39","128,28","129,24","127,67","4,91M","-0,45%"
"14.01.2021","128,97","128,00","130,14","127,58","7,50M","1,62%"
"13.01.2021","126,92","129,21","129,64","126,46","7,68M","-1,77%"
"12.01.2021","129,21","128,94","129,84","127,97","3,75M","0,49%"
"11.01.2021","128,58","127,85","129,65","127,66","5,60M","0,04%"
"08.01.2021","128,53","128,57","129,32","126,98","4,68M","-0,36%"
"07.01.2021","128,99","130,04","130,43","128,31","4,51M","-0,23%"
"06.01.2021","129,29","126,88","131,87","126,80","7,96M","2,50%"
"05.01.2021","126,14","125,00","126,65","124,64","6,11M","1,78%"
"04.01.2021","123,94","125,80","125,82","123,04","5,18M","-1,54%"
"31.12.2020","125,88","124,22","126,03","123,99","3,57M","1,24%"
"30.12.2020","124,34","123,74","124,82","123,63","3,38M","0,44%"
"29.12.2020","123,80","125,25","125,48","123,25","3,49M","-0,82%"
"28.12.2020","124,82","125,12","126,57","124,46","3,62M","0,10%"
"24.12.2020","124,69","125,00","125,10","124,21","1,76M","0,64%"
"23.12.2020","123,90","123,93","125,16","123,89","2,69M","0,23%"
"22.12.2020","123,61","123,38","124,22","122,41","4,34M","0,18%"
"21.12.2020","123,39","123,80","123,80","121,74","6,12M","-1,95%"
"18.12.2020","125,85","125,59","126,40","124,97","7,55M","0,24%"
"17.12.2020","125,55","126,04","126,04","124,93","3,79M","0,00%"
"16.12.2020","125,55","125,97","126,54","125,30","4,53M","-0,30%"
"15.12.2020","125,93","124,39","125,93","123,45","4,36M","1,94%"
"14.12.2020","123,53","125,32","126,23","123,53","5,05M","-0,60%"
"11.12.2020","124,27","124,08","125,51","123,61","4,48M","-0,55%"
"10.12.2020","124,96","126,31","126,66","124,94","4,80M","-1,44%"
"09.12.2020","126,79","125,91","127,68","125,71","6,51M","0,86%"
"08.12.2020","125,71","125,11","126,33","124,67","5,40M","0,81%"
"07.12.2020","124,70","126,61","126,95","124,57","8,32M","-1,97%"
"04.12.2020","127,20","123,97","127,38","123,64","5,52M","2,90%"
"03.12.2020","123,61","124,16","124,86","123,32","4,55M","-0,81%"
"02.12.2020","124,62","122,92","124,62","122,49","3,69M","1,19%"
"01.12.2020","123,16","123,90","125,83","123,08","5,10M","-0,29%"
"30.11.2020","123,52","123,87","124,97","123,09","5,99M","-0,67%"
"27.11.2020","124,35","124,20","125,31","123,91","2,09M","0,12%"
"25.11.2020","124,20","122,93","124,33","122,11","4,14M","-0,18%"
"24.11.2020","124,42","121,00","124,71","121,00","7,76M","3,61%"
"23.11.2020","120,09","117,41","120,50","117,37","5,66M","2,69%"
"20.11.2020","116,94","117,60","118,04","116,69","5,02M","-0,20%"
"19.11.2020","117,18","116,77","117,43","116,00","3,44M","0,35%"
"18.11.2020","116,77","117,72","118,87","116,77","4,61M","-0,79%"
"17.11.2020","117,70","117,49","118,52","117,08","4,13M","-0,56%"
"16.11.2020","118,36","118,37","118,54","117,12","5,29M","1,29%"
"13.11.2020","116,85","115,19","117,37","115,01","4,68M","2,05%"
"12.11.2020","114,50","115,81","116,34","113,48","6,50M","-2,30%"
"11.11.2020","117,20","118,12","118,35","116,22","4,29M","-0,60%"
"10.11.2020","117,91","116,69","118,15","116,27","5,62M","2,06%"
"09.11.2020","115,53","117,88","119,72","115,27","8,99M","1,31%"
"06.11.2020","114,04","115,08","115,10","113,39","5,25M","-0,64%"
"05.11.2020","114,77","113,29","115,28","113,01","4,90M","2,56%"
"04.11.2020","111,90","112,79","113,91","111,20","5,80M","-1,98%"
"03.11.2020","114,16","113,95","115,62","113,70","4,20M","1,11%"
"02.11.2020","112,91","112,88","113,80","112,30","5,31M","1,12%"
"30.10.2020","111,66","107,90","111,80","107,75","7,92M","2,53%"
"29.10.2020","108,91","107,25","109,64","106,55","6,76M","2,12%"
"28.10.2020","106,65","108,70","109,68","105,92","9,43M","-3,54%"
"27.10.2020","110,56","112,14","112,22","110,03","5,94M","-1,48%"
"26.10.2020","112,22","114,45","114,75","111,84","7,20M","-3,26%"
"23.10.2020","116,00","116,50","116,62","115,53","3,89M","0,21%"
"22.10.2020","115,76","115,03","116,04","113,00","7,86M","0,61%"
"21.10.2020","115,06","116,84","117,68","114,83","9,76M","-1,97%"
"20.10.2020","117,37","119,50","119,71","116,86","21,50M","-6,49%"
"19.10.2020","125,52","126,79","127,30","125,09","7,48M","-0,33%"
"16.10.2020","125,93","125,17","126,43","124,65","4,71M","0,83%"
"15.10.2020","124,89","124,23","125,20","124,00","3,39M","-0,83%"
"14.10.2020","125,94","125,17","126,94","125,17","3,73M","0,67%"
"13.10.2020","125,10","126,63","127,13","124,49","5,41M","-1,66%"
"12.10.2020","127,21","128,05","128,25","126,45","4,64M","-0,45%"
"09.10.2020","127,79","132,00","132,00","127,60","8,35M","-2,81%"
"08.10.2020","131,49","130,76","135,26","129,79","25,29M","5,98%"
"07.10.2020","124,07","122,74","124,39","122,35","2,82M","1,72%"
"06.10.2020","121,97","122,54","124,83","121,59","3,87M","-0,03%"
"05.10.2020","122,01","121,84","122,75","121,05","3,05M","1,19%"
"02.10.2020","120,57","119,04","121,75","118,82","2,93M","-0,43%"
"01.10.2020","121,09","122,21","123,25","120,36","3,21M","-0,48%"
"30.09.2020","121,67","121,46","122,91","120,86","3,26M","0,60%"
"29.09.2020","120,94","121,30","122,18","120,21","2,13M","-0,65%"
"28.09.2020","121,73","120,54","122,31","120,47","3,51M","2,34%"
"25.09.2020","118,95","117,60","119,41","116,94","2,95M","0,73%"
"24.09.2020","118,09","118,20","119,51","116,50","3,55M","-0,62%"
"23.09.2020","118,83","120,95","121,59","118,43","3,94M","-1,39%"
"22.09.2020","120,51","120,41","121,45","119,57","2,96M","0,22%"
"21.09.2020","120,25","120,47","120,68","118,59","5,31M","-2,04%"
"18.09.2020","122,76","124,26","124,92","122,65","5,39M","-1,73%"
"17.09.2020","124,92","122,62","125,53","121,99","3,17M","0,56%"
"16.09.2020","124,22","122,88","125,80","122,83","3,79M","1,45%"
"15.09.2020","122,44","122,72","123,40","122,25","2,92M","0,29%"
"14.09.2020","122,09","122,36","123,36","121,79","3,64M","0,52%"
"11.09.2020","121,46","121,39","122,70","120,73","3,55M","0,75%"
"10.09.2020","120,56","122,39","123,54","120,25","3,98M","-1,39%"
"09.09.2020","122,26","121,93","123,70","121,31","3,77M","0,87%"
"08.09.2020","121,21","122,50","122,87","120,74","5,21M","-0,89%"
"04.09.2020","122,30","124,35","125,35","121,24","6,02M","-1,73%"
"03.09.2020","124,45","128,27","129,93","123,66","5,72M","-2,91%"
"02.09.2020","128,18","123,83","128,69","123,60","6,59M","3,87%"
"01.09.2020","123,40","122,85","123,95","122,15","3,15M","0,07%"
"31.08.2020","123,31","125,04","125,04","123,04","4,83M","-1,41%"
"28.08.2020","125,07","124,96","125,30","124,22","3,10M","0,34%"
"27.08.2020","124,65","124,43","125,10","123,98","3,42M","0,39%"
"26.08.2020","124,17","124,83","125,07","123,96","3,39M","-0,38%"
"25.08.2020","124,64","125,99","126,81","124,50","2,98M","-0,83%"
"24.08.2020","125,68","123,71","126,06","123,39","4,07M","2,05%"
"21.08.2020","123,16","123,01","123,48","122,31","3,39M","0,01%"
"20.08.2020","123,15","123,31","124,02","122,86","2,56M","-0,56%"
"19.08.2020","123,84","124,82","125,49","123,50","3,74M","-0,86%"
"18.08.2020","124,92","124,80","125,48","124,24","2,88M","0,39%"
"17.08.2020","124,44","125,20","125,54","124,43","3,36M","-0,66%"
"14.08.2020","125,27","124,20","125,56","123,91","2,96M","0,19%"
"13.08.2020","125,03","126,00","126,37","124,77","3,17M","-1,32%"
"12.08.2020","126,70","127,16","127,79","125,89","3,53M","-0,04%"
"11.08.2020","126,75","128,76","130,45","126,63","5,00M","-0,28%"
"10.08.2020","127,11","125,34","127,24","125,23","3,97M","1,72%"
"07.08.2020","124,96","123,50","125,07","123,21","3,65M","-0,92%"
"06.08.2020","126,12","125,12","126,24","125,12","3,42M","0,53%"
"05.08.2020","125,45","126,72","126,75","124,63","3,68M","-0,31%"
"04.08.2020","125,84","124,00","125,84","123,89","3,43M","1,23%"
"03.08.2020","124,31","123,38","124,41","122,20","3,53M","1,11%"
"31.07.2020","122,94","122,71","122,99","121,09","5,28M","0,03%"
"30.07.2020","122,90","123,80","123,90","121,68","3,99M","-1,93%"
"29.07.2020","125,32","124,56","125,99","124,07","2,83M","0,68%"
"28.07.2020","124,47","126,04","126,28","124,22","4,18M","-1,38%"
"27.07.2020","126,21","124,92","126,30","124,92","3,73M","0,33%"
"24.07.2020","125,79","126,48","127,65","125,50","3,53M","-1,21%"
"23.07.2020","127,33","129,03","129,35","127,16","4,22M","-1,04%"
"22.07.2020","128,67","125,88","129,47","125,86","8,20M","2,07%"
"21.07.2020","126,06","130,89","132,06","125,82","15,36M","-0,25%"
"20.07.2020","126,37","126,07","127,07","125,14","9,93M","1,01%"
"17.07.2020","125,11","124,39","125,63","123,20","3,99M","0,89%"
"16.07.2020","124,01","122,66","124,45","122,17","4,33M","0,82%"
"15.07.2020","123,00","122,23","123,96","122,22","4,47M","1,99%"
"14.07.2020","120,60","118,62","120,87","117,94","4,53M","1,17%"
"13.07.2020","119,20","119,64","120,97","118,67","4,65M","0,72%"
"10.07.2020","118,35","115,50","118,57","115,29","4,29M","2,28%"
"09.07.2020","115,71","117,62","117,62","115,20","4,76M","-1,70%"
"08.07.2020","117,71","118,05","118,64","116,50","5,19M","0,11%"
"07.07.2020","117,58","119,00","119,51","117,33","4,28M","-2,17%"
"06.07.2020","120,19","121,39","121,75","119,47","4,05M","0,41%"
"02.07.2020","119,70","119,69","121,42","119,26","3,75M","0,98%"
"01.07.2020","118,54","120,27","121,22","118,37","4,66M","-1,85%"
"30.06.2020","120,77","119,21","121,18","119,04","3,92M","0,85%"
"29.06.2020","119,75","117,98","119,75","117,41","4,16M","2,18%"
"26.06.2020","117,19","118,26","118,99","116,26","10,75M","-1,55%"
"25.06.2020","119,03","116,48","119,20","116,16","6,13M","2,24%"
"24.06.2020","116,42","117,96","118,13","115,90","6,75M","-2,50%"
"23.06.2020","119,41","122,11","122,90","119,23","6,63M","-1,37%"
"22.06.2020","121,07","122,03","122,50","120,53","4,77M","-1,14%"
"19.06.2020","122,47","126,49","126,75","122,27","8,09M","-1,36%"
"18.06.2020","124,16","123,08","124,36","122,40","2,87M","0,01%"
"17.06.2020","124,15","125,46","126,14","123,42","3,16M","-0,80%"
"16.06.2020","125,15","125,00","127,50","123,16","5,61M","2,88%"
"15.06.2020","121,65","119,01","122,34","118,30","5,15M","-0,21%"
"12.06.2020","121,91","121,25","123,12","119,28","6,22M","3,30%"
"11.06.2020","118,01","125,95","126,10","117,88","11,76M","-9,13%"
"10.06.2020","129,87","132,00","132,00","129,87","4,73M","-1,52%"
"09.06.2020","131,87","133,49","133,50","131,03","5,39M","-2,86%"
"08.06.2020","135,75","132,50","135,85","132,50","5,37M","2,79%"
"05.06.2020","132,06","133,88","134,23","131,75","5,89M","2,46%"
"04.06.2020","128,89","127,75","128,92","127,03","3,86M","-0,12%"
"03.06.2020","129,05","127,16","129,59","127,16","3,92M","2,42%"
"02.06.2020","126,00","125,67","126,00","124,66","2,98M","0,89%"
"01.06.2020","124,89","124,67","125,75","124,07","2,88M","-0,01%"
"29.05.2020","124,90","123,67","125,13","122,24","7,93M","0,30%"
"28.05.2020","124,53","126,86","126,86","124,25","3,92M","-0,80%"
"27.05.2020","125,54","123,47","125,82","123,47","5,73M","3,10%"
"26.05.2020","121,76","121,29","122,61","121,11","5,47M","2,85%"
"22.05.2020","118,39","119,37","119,46","117,59","4,18M","-0,61%"
"21.05.2020","119,12","120,41","121,72","118,98","4,00M","-1,86%"
"20.05.2020","121,38","121,15","122,45","120,66","3,84M","0,91%"
"19.05.2020","120,29","121,22","122,12","120,21","3,24M","-1,04%"
"18.05.2020","121,56","119,90","122,33","119,90","4,21M","3,92%"
"15.05.2020","116,98","115,76","117,35","115,25","4,79M","0,03%"
"14.05.2020","116,95","114,22","116,96","111,83","5,26M","1,05%"
"13.05.2020","115,73","119,59","119,64","114,85","5,88M","-3,77%"
"12.05.2020","120,26","123,01","124,32","120,26","4,78M","-1,90%"
"11.05.2020","122,59","121,81","123,45","120,67","3,54M","-0,33%"
"08.05.2020","122,99","122,67","123,23","121,06","5,00M","1,45%"
"07.05.2020","121,23","122,98","123,26","120,85","4,41M","-1,58%"
"06.05.2020","123,17","123,24","124,05","122,41","3,86M","0,48%"
"05.05.2020","122,58","123,39","124,32","122,47","3,90M","0,74%"
"04.05.2020","121,68","120,82","121,97","119,39","4,02M","-0,16%"
"01.05.2020","121,87","123,19","123,47","121,39","4,93M","-2,94%"
"30.04.2020","125,56","126,52","127,27","125,22","6,64M","-2,43%"
"29.04.2020","128,69","128,88","129,31","127,53","5,26M","1,92%"
"28.04.2020","126,27","128,03","128,20","125,38","4,78M","0,28%"
"27.04.2020","125,92","125,56","126,99","125,47","4,92M","0,96%"
"24.04.2020","124,72","122,41","125,00","120,76","4,99M","2,78%"
"23.04.2020","121,35","119,57","123,03","119,12","6,88M","1,71%"
"22.04.2020","119,31","119,87","120,33","117,55","7,09M","2,18%"
"21.04.2020","116,76","114,00","117,14","112,06","14,35M","-3,03%"
"20.04.2020","120,41","119,15","122,86","118,14","8,18M","0,24%"
"17.04.2020","120,12","119,30","120,39","117,92","4,97M","3,79%"
"16.04.2020","115,73","119,01","119,75","114,42","6,46M","-2,49%"
"15.04.2020","118,69","119,12","120,19","116,76","5,64M","-4,21%"
"14.04.2020","123,91","123,46","125,18","122,62","5,09M","2,28%"
"13.04.2020","121,15","121,63","121,80","118,04","5,12M","-0,29%"
"09.04.2020","121,50","120,48","122,92","120,17","5,58M","1,85%"
"08.04.2020","119,29","116,31","119,96","115,07","5,16M","3,78%"
"07.04.2020","114,94","118,80","119,57","114,87","5,60M","0,10%"
"06.04.2020","114,82","110,35","115,63","110,13","7,03M","7,97%"
"03.04.2020","106,34","108,92","110,07","104,92","4,54M","-3,33%"
"02.04.2020","110,00","105,37","110,32","105,14","6,33M","4,62%"
"01.04.2020","105,14","106,36","109,92","104,52","6,11M","-5,22%"
"31.03.2020","110,93","112,00","113,81","110,17","6,35M","-1,77%"
"30.03.2020","112,93","108,09","113,46","107,81","5,56M","4,54%"
"27.03.2020","108,03","108,79","111,48","107,64","6,42M","-4,31%"
"26.03.2020","112,89","106,61","113,04","105,62","7,16M","6,65%"
"25.03.2020","105,85","105,46","112,36","102,89","8,65M","0,35%"
"24.03.2020","105,48","99,82","105,88","99,37","7,97M","11,30%"
"23.03.2020","94,77","94,60","97,74","90,56","9,73M","-0,65%"
"20.03.2020","95,39","100,92","100,99","94,71","10,55M","-4,93%"
"19.03.2020","100,34","102,03","103,66","98,25","8,40M","-3,10%"
"18.03.2020","103,55","100,39","106,83","99,56","8,77M","-2,91%"
"17.03.2020","106,65","100,61","107,39","97,10","9,26M","7,64%"
"16.03.2020","99,08","98,00","107,41","95,00","10,57M","-8,22%"
"13.03.2020","107,95","108,68","109,16","100,81","12,50M","5,00%"
"12.03.2020","102,81","109,65","109,80","102,28","12,51M","-12,85%"
"11.03.2020","117,97","121,01","122,58","116,38","8,45M","-5,45%"
"10.03.2020","124,77","122,78","124,88","115,76","11,41M","5,91%"
"09.03.2020","117,81","120,16","122,41","117,28","10,76M","-7,77%"
"06.03.2020","127,73","126,70","128,33","124,52","8,19M","-1,40%"
"05.03.2020","129,55","130,50","132,29","128,45","5,45M","-3,48%"
"04.03.2020","134,22","131,58","134,28","129,00","5,00M","4,13%"
"03.03.2020","128,90","134,48","136,09","127,80","7,90M","-4,02%"
"02.03.2020","134,30","130,75","134,44","127,95","8,53M","3,19%"
"28.02.2020","130,15","129,98","131,09","126,36","13,01M","-2,22%"
"27.02.2020","133,11","137,24","138,69","133,01","8,42M","-4,75%"
"26.02.2020","139,75","142,90","144,06","139,60","5,41M","-1,38%"
"25.02.2020","141,71","146,51","147,07","141,26","6,21M","-3,22%"
"24.02.2020","146,43","145,51","148,05","145,38","5,45M","-2,28%"
"21.02.2020","149,84","151,04","151,04","148,84","3,54M","-0,91%"
"20.02.2020","151,22","150,81","151,62","149,51","2,88M","0,24%"
"19.02.2020","150,86","151,54","151,89","150,31","2,73M","-0,16%"
"18.02.2020","151,10","149,79","151,38","149,64","3,34M","0,27%"
"14.02.2020","150,70","154,42","154,56","149,77","6,10M","-2,34%"
"13.02.2020","154,31","154,37","154,83","153,41","3,82M","-0,64%"
"12.02.2020","155,31","153,75","155,60","153,52","4,44M","1,19%"
"11.02.2020","153,48","155,12","155,22","152,73","3,84M","-0,62%"
"10.02.2020","154,43","152,97","154,44","151,58","5,24M","0,66%"
"07.02.2020","153,41","154,55","155,54","152,92","6,42M","-2,14%"
"06.02.2020","156,76","156,82","158,75","155,42","8,40M","0,28%"
"05.02.2020","156,33","150,21","157,44","150,15","14,39M","4,84%"
"04.02.2020","149,11","147,78","149,38","146,88","5,62M","1,94%"
"03.02.2020","146,27","144,25","147,28","143,90","8,89M","1,77%"
"31.01.2020","143,73","142,90","144,05","140,79","18,99M","5,09%"
"30.01.2020","136,77","136,76","136,97","134,97","5,06M","-0,67%"
"29.01.2020","137,69","139,17","139,58","137,59","3,05M","-1,33%"
"28.01.2020","139,55","139,50","140,47","138,75","3,45M","0,67%"
"27.01.2020","138,62","138,50","140,07","138,10","4,17M","-1,38%"
"24.01.2020","140,56","143,39","143,92","140,46","5,58M","-1,62%"
"23.01.2020","142,87","144,20","144,41","142,15","5,66M","-0,71%"
"22.01.2020","143,89","143,32","145,79","142,55","16,47M","3,39%"
"21.01.2020","139,17","137,81","139,35","137,60","7,24M","0,62%"
"17.01.2020","138,31","136,54","138,33","136,16","5,62M","0,24%"
"16.01.2020","137,98","137,32","138,19","137,01","4,32M","1,00%"
"15.01.2020","136,62","136,00","138,06","135,71","4,05M","0,59%"
"14.01.2020","135,82","136,28","137,14","135,55","3,68M","-0,57%"
"13.01.2020","136,60","135,48","136,64","135,07","3,53M","-0,07%"
"10.01.2020","136,69","137,00","137,87","136,31","3,26M","-0,04%"
"09.01.2020","136,74","135,74","136,79","135,31","3,73M","1,06%"
"08.01.2020","135,31","134,51","135,86","133,92","4,35M","0,83%"
"07.01.2020","134,19","133,69","134,96","133,40","3,28M","0,07%"
"06.01.2020","134,10","133,42","134,24","133,20","2,43M","-0,18%"
"03.01.2020","134,34","133,57","134,86","133,56","2,37M","-0,80%"
"02.01.2020","135,42","135,00","135,92","134,77","3,15M","1,03%"
"31.12.2019","134,04","132,53","134,12","132,40","3,78M","0,93%"
"30.12.2019","132,81","135,20","135,30","132,50","4,12M","-1,82%"
"27.12.2019","135,27","135,00","135,75","134,87","2,75M","0,27%"
"26.12.2019","134,91","134,98","135,31","134,65","2,13M","-0,05%"
"24.12.2019","134,98","135,61","135,62","134,61","1,20M","-0,42%"
"23.12.2019","135,55","135,78","136,15","135,00","2,80M","-0,03%"
"20.12.2019","135,59","135,74","136,42","134,95","7,11M","0,77%"
"19.12.2019","134,56","134,46","134,72","134,19","3,87M","0,11%"
"18.12.2019","134,41","134,55","135,00","134,15","3,10M","0,14%"
"17.12.2019","134,22","134,28","134,69","133,46","2,91M","0,07%"
"16.12.2019","134,13","134,94","135,45","133,85","3,05M","-0,06%"
"13.12.2019","134,21","134,75","135,50","134,01","2,53M","-0,82%"
"12.12.2019","135,32","133,70","135,66","133,66","4,82M","1,17%"
"11.12.2019","133,76","134,11","134,51","133,67","3,95M","-0,11%"
"10.12.2019","133,91","133,92","134,84","133,56","3,48M","-0,01%"
"09.12.2019","133,92","133,35","134,59","133,26","2,98M","0,53%"
"06.12.2019","133,22","132,75","133,89","132,70","3,44M","0,99%"
"05.12.2019","131,91","132,99","133,24","131,63","3,60M","-0,06%"
"04.12.2019","131,99","132,86","133,68","131,96","3,53M","-0,10%"
"03.12.2019","132,12","132,00","132,44","130,69","3,71M","-0,59%"
"02.12.2019","132,91","134,45","134,50","132,48","3,07M","-1,15%"
"29.11.2019","134,45","133,60","134,52","133,03","1,83M","0,51%"
"27.11.2019","133,77","135,35","135,71","133,62","3,28M","-0,98%"
"26.11.2019","135,09","136,15","136,15","134,77","3,79M","-0,65%"
"25.11.2019","135,97","134,47","136,00","134,35","2,59M","1,21%"
"22.11.2019","134,34","134,19","134,65","133,59","3,30M","0,37%"
"21.11.2019","133,84","133,40","134,17","132,98","3,35M","0,48%"
"20.11.2019","133,20","134,06","134,46","132,75","4,14M","-0,98%"
"19.11.2019","134,52","134,88","135,38","134,46","3,00M","0,16%"
"18.11.2019","134,31","134,30","134,48","133,23","3,21M","-0,07%"
"15.11.2019","134,40","134,39","135,12","134,03","3,26M","0,30%"
"14.11.2019","134,00","134,13","134,33","133,33","4,23M","-0,36%"
"13.11.2019","134,48","135,39","135,58","133,84","3,06M","-0,82%"
"12.11.2019","135,59","135,87","136,66","135,02","3,05M","0,09%"
"11.11.2019","135,47","137,20","137,20","135,00","2,57M","-1,56%"
"08.11.2019","137,61","137,58","137,61","136,16","2,28M","-0,06%"
"07.11.2019","137,69","137,87","139,13","137,58","4,07M","-0,79%"
"06.11.2019","138,78","138,00","138,78","137,55","4,48M","0,65%"
"05.11.2019","137,89","137,80","138,76","137,63","3,01M","0,16%"
"04.11.2019","137,67","136,24","137,74","136,23","3,34M","1,58%"
"01.11.2019","135,53","134,50","135,56","134,09","3,09M","1,35%"
"31.10.2019","133,73","135,11","135,25","133,23","3,41M","-1,12%"
"30.10.2019","135,25","133,83","135,28","133,20","2,25M","1,07%"
"29.10.2019","133,82","135,42","135,57","133,44","4,16M","-1,58%"
"28.10.2019","135,97","136,00","136,63","135,44","3,23M","0,39%"
"25.10.2019","135,44","134,12","135,93","134,10","2,58M","1,02%"
"24.10.2019","134,07","134,83","135,07","133,30","2,62M","-0,23%"
"23.10.2019","134,38","133,52","134,56","132,70","3,63M","0,31%"
"22.10.2019","133,96","132,55","134,05","131,61","4,20M","1,04%"
"21.10.2019","132,58","132,61","133,10","130,90","6,37M","-1,13%"
"18.10.2019","134,09","134,22","134,49","132,25","7,18M","-0,13%"
"17.10.2019","134,26","135,00","136,00","132,91","15,83M","-5,52%"
"16.10.2019","142,11","142,49","142,95","141,39","5,92M","-0,62%"
"15.10.2019","143,00","142,54","143,72","141,81","3,05M","0,68%"
"14.10.2019","142,04","142,31","142,43","141,32","2,33M","-0,50%"
"11.10.2019","142,76","142,77","144,50","142,61","3,02M","1,15%"
"10.10.2019","141,13","139,77","141,78","139,56","2,65M","1,05%"
"09.10.2019","139,67","139,77","140,33","138,79","2,63M","0,93%"
"08.10.2019","138,38","140,24","140,47","138,25","3,34M","-2,05%"
"07.10.2019","141,28","142,26","142,70","141,22","2,49M","-1,20%"
"04.10.2019","142,99","142,06","143,06","141,03","2,45M","0,68%"
"03.10.2019","142,02","141,62","142,07","139,18","3,16M","0,23%"
"02.10.2019","141,69","142,19","142,27","140,57","3,35M","-1,37%"
"01.10.2019","143,66","145,59","147,35","143,54","2,97M","-1,21%"
"30.09.2019","145,42","143,73","146,57","143,73","4,00M","1,52%"
"27.09.2019","143,24","144,41","145,09","142,38","2,36M","-0,22%"
"26.09.2019","143,55","143,17","143,88","141,41","2,31M","0,27%"
"25.09.2019","143,16","141,74","143,63","140,86","2,55M","1,04%"
"24.09.2019","141,68","142,50","142,89","141,07","3,31M","-0,27%"
"23.09.2019","142,07","141,19","142,22","140,56","1,85M","0,13%"
"20.09.2019","141,88","143,25","143,83","141,82","5,22M","-0,76%"
"19.09.2019","142,97","142,46","145,03","142,45","3,18M","0,53%"
"18.09.2019","142,22","142,05","142,30","140,51","2,00M","0,01%"
"17.09.2019","142,20","142,48","142,48","140,66","2,94M","-0,20%"
"16.09.2019","142,48","142,56","143,64","142,27","1,93M","-0,83%"
"13.09.2019","143,67","144,32","144,65","143,26","2,21M","0,03%"
"12.09.2019","143,62","144,03","144,04","141,88","2,51M","0,01%"
"11.09.2019","143,60","144,85","145,12","142,71","3,87M","-1,00%"
"10.09.2019","145,05","143,00","145,46","142,96","4,98M","1,72%"
"09.09.2019","142,60","140,59","143,02","140,46","4,23M","1,44%"
"06.09.2019","140,57","141,52","141,53","140,46","2,58M","-0,28%"
"05.09.2019","140,97","138,30","141,69","138,05","5,01M","3,41%"
"04.09.2019","136,32","135,71","136,43","135,15","2,26M","1,66%"
"03.09.2019","134,10","134,85","134,90","133,33","2,83M","-1,06%"
"30.08.2019","135,53","135,58","136,07","134,36","2,96M","0,48%"
"29.08.2019","134,88","134,18","135,69","134,04","2,97M","1,60%"
"28.08.2019","132,76","130,44","132,89","130,04","2,72M","1,21%"
"27.08.2019","131,17","131,20","131,70","130,31","4,73M","0,91%"
"26.08.2019","129,99","131,05","131,30","129,16","2,84M","0,32%"
"23.08.2019","129,57","133,63","134,26","128,83","4,82M","-3,54%"
"22.08.2019","134,32","134,69","135,68","133,81","2,70M","0,05%"
"21.08.2019","134,25","134,96","135,94","133,80","2,81M","0,94%"
"20.08.2019","133,00","135,24","135,28","132,81","3,02M","-1,51%"
"19.08.2019","135,04","134,88","136,33","134,88","3,17M","0,96%"
"16.08.2019","133,76","133,04","134,59","132,95","3,01M","1,39%"
"15.08.2019","131,92","131,22","132,37","130,25","3,74M","0,51%"
"14.08.2019","131,25","133,91","134,16","130,98","5,11M","-3,34%"
"13.08.2019","135,79","133,80","136,57","132,81","4,55M","1,59%"
"12.08.2019","133,67","135,66","135,87","133,18","4,08M","-1,81%"
"09.08.2019","136,13","139,27","139,31","135,35","5,24M","-2,83%"
"08.08.2019","140,10","138,45","140,42","137,76","5,26M","0,71%"
"07.08.2019","139,11","138,74","139,58","136,41","5,93M","-1,15%"
"06.08.2019","140,73","142,03","142,47","139,31","5,07M","-0,02%"
"05.08.2019","140,76","144,98","145,10","139,15","7,11M","-4,41%"
"02.08.2019","147,25","149,03","152,95","145,59","8,10M","-2,04%"
"01.08.2019","150,32","148,90","152,82","148,50","6,34M","1,40%"
"31.07.2019","148,24","149,70","150,18","146,39","3,72M","-1,02%"
"30.07.2019","149,77","150,00","150,40","149,22","2,63M","-0,74%"
"29.07.2019","150,88","151,11","151,48","150,32","2,08M","-0,32%"
"26.07.2019","151,36","151,00","151,41","150,10","2,90M","0,64%"
"25.07.2019","150,39","149,82","150,62","148,61","3,10M","0,24%"
"24.07.2019","150,03","150,12","151,45","149,19","2,95M","-0,23%"
"23.07.2019","150,38","150,57","150,72","148,38","3,74M","0,43%"
"22.07.2019","149,74","150,16","151,94","149,70","4,09M","0,04%"
"19.07.2019","149,68","149,96","151,58","149,55","7,29M","0,03%"
"18.07.2019","149,63","142,50","150,31","142,20","12,70M","4,59%"
"17.07.2019","143,07","143,61","143,80","141,95","6,06M","-0,32%"
"16.07.2019","143,53","143,17","144,04","143,02","3,47M","0,15%"
"15.07.2019","143,32","142,89","143,51","142,12","2,37M","0,41%"
"12.07.2019","142,74","141,92","142,92","141,66","2,79M","1,06%"
"11.07.2019","141,24","140,79","141,58","140,30","2,13M","0,55%"
"10.07.2019","140,47","140,00","141,91","139,79","2,51M","0,82%"
"09.07.2019","139,33","140,61","140,99","139,13","3,37M","-0,88%"
"08.07.2019","140,57","141,05","141,28","140,27","2,40M","-0,57%"
"05.07.2019","141,38","140,87","141,49","139,91","2,14M","-0,11%"
"03.07.2019","141,54","140,72","141,82","140,43","1,93M","0,94%"
"02.07.2019","140,22","139,75","140,43","139,47","2,41M","0,24%"
"01.07.2019","139,88","139,60","141,49","139,28","3,39M","1,44%"
"28.06.2019","137,90","138,57","139,14","137,84","6,15M","-0,45%"
"27.06.2019","138,52","138,72","139,30","137,95","2,15M","0,00%"
"26.06.2019","138,52","138,87","139,68","138,41","2,28M","0,12%"
"25.06.2019","138,36","139,46","139,55","138,13","2,80M","-0,71%"
"24.06.2019","139,35","139,20","140,15","139,05","2,19M","0,11%"
"21.06.2019","139,20","138,44","139,54","138,39","5,29M","0,25%"
"20.06.2019","138,85","138,93","139,54","138,20","3,07M","1,29%"
"19.06.2019","137,08","136,43","138,36","136,24","2,38M","0,51%"
"18.06.2019","136,38","135,20","137,19","135,20","2,91M","1,06%"
"17.06.2019","134,95","135,39","136,03","134,70","2,19M","-0,15%"
"14.06.2019","135,15","135,44","135,88","134,43","2,19M","-0,45%"
"13.06.2019","135,76","135,13","136,27","135,09","2,96M","0,66%"
"12.06.2019","134,87","135,56","135,94","134,41","2,25M","-0,79%"
"11.06.2019","135,95","135,32","136,46","135,05","3,41M","0,90%"
"10.06.2019","134,74","134,38","135,35","133,91","2,91M","1,07%"
"07.06.2019","133,31","132,47","134,72","132,21","2,55M","0,82%"
"06.06.2019","132,22","132,19","132,65","130,90","2,30M","0,56%"
"05.06.2019","131,49","133,38","133,61","130,47","3,16M","-0,90%"
"04.06.2019","132,69","129,56","132,74","129,09","3,91M","3,45%"
"03.06.2019","128,27","127,10","128,56","127,06","4,27M","1,01%"
"31.05.2019","126,99","128,44","128,44","126,85","3,54M","-1,99%"
"30.05.2019","129,57","129,74","129,97","128,93","2,74M","-0,09%"
"29.05.2019","129,69","130,00","130,28","128,32","3,68M","-0,59%"
"28.05.2019","130,46","132,13","132,64","130,27","4,91M","-1,38%"
"24.05.2019","132,28","133,53","134,25","131,59","2,60M","-0,08%"
"23.05.2019","132,39","135,13","135,13","130,44","5,34M","-2,90%"
"22.05.2019","136,35","136,00","136,75","135,71","1,85M","-0,07%"
"21.05.2019","136,45","136,12","137,06","135,79","2,50M","0,98%"
"20.05.2019","135,12","133,53","135,43","132,93","3,26M","0,60%"
"17.05.2019","134,32","134,68","135,41","133,94","2,62M","-1,15%"
"16.05.2019","135,88","134,74","136,11","134,64","3,02M","1,10%"
"15.05.2019","134,40","132,59","134,59","132,37","2,55M","0,82%"
"14.05.2019","133,31","131,82","134,32","131,68","3,28M","1,44%"
"13.05.2019","131,42","133,28","133,57","130,96","4,96M","-2,88%"
"10.05.2019","135,32","134,88","135,75","132,42","3,98M","-0,01%"
"09.05.2019","135,34","134,89","135,58","133,03","4,19M","-1,93%"
"08.05.2019","138,00","137,77","138,70","137,13","3,82M","0,26%"
"07.05.2019","137,64","139,15","139,51","136,19","4,73M","-1,95%"
"06.05.2019","140,38","138,30","140,69","137,90","2,79M","0,09%"
"03.05.2019","140,25","139,70","141,00","139,63","2,58M","0,47%"
"02.05.2019","139,59","140,50","141,28","139,41","3,54M","-0,69%"
"01.05.2019","140,56","140,55","141,81","140,17","3,05M","0,21%"
"30.04.2019","140,27","139,11","140,44","138,68","4,64M","0,88%"
"29.04.2019","139,05","139,15","139,63","138,81","2,96M","-0,28%"
"26.04.2019","139,44","139,34","139,89","138,81","2,32M","0,58%"
"25.04.2019","138,63","139,70","139,75","137,71","2,91M","-0,94%"
"24.04.2019","139,95","140,60","141,31","139,78","2,77M","-0,35%"
"23.04.2019","140,44","139,15","140,92","138,94","4,46M","1,12%"
"22.04.2019","138,89","139,42","140,56","138,48","4,49M","-1,03%"
"18.04.2019","140,33","139,00","140,49","138,70","4,96M","0,88%"
"17.04.2019","139,11","137,37","141,98","136,26","12,53M","-4,15%"
"16.04.2019","145,14","144,40","145,39","144,02","6,30M","0,86%"
"15.04.2019","143,90","144,40","144,46","143,27","3,60M","-0,31%"
"12.04.2019","144,35","144,26","144,44","143,70","2,90M","0,40%"
"11.04.2019","143,78","143,80","144,11","143,03","2,94M","0,53%"
"10.04.2019","143,02","142,20","143,50","141,98","2,68M","0,64%"
"09.04.2019","142,11","142,66","142,95","141,84","3,04M","-0,89%"
"08.04.2019","143,39","143,02","143,42","142,87","2,12M","0,08%"
"05.04.2019","143,28","143,29","143,50","142,46","2,73M","0,35%"
"04.04.2019","142,78","143,62","144,14","142,54","2,77M","-0,59%"
"03.04.2019","143,63","143,65","144,22","143,01","2,68M","0,44%"
"02.04.2019","143,00","143,35","143,95","142,60","2,40M","-0,21%"
"01.04.2019","143,30","141,51","143,41","141,51","3,98M","1,56%"
"29.03.2019","141,10","140,50","141,22","140,15","3,10M","0,84%"
"28.03.2019","139,92","139,91","140,44","139,10","2,66M","0,49%"
"27.03.2019","139,24","140,41","140,49","138,40","3,10M","-0,70%"
"26.03.2019","140,22","139,93","141,02","139,42","2,55M","0,75%"
"25.03.2019","139,18","139,06","139,91","138,35","2,84M","-0,19%"
"22.03.2019","139,45","140,97","141,44","138,90","3,88M","-1,41%"
"21.03.2019","141,44","139,10","142,12","138,88","3,61M","1,32%"
"20.03.2019","139,60","140,53","140,70","138,98","3,65M","-0,63%"
"19.03.2019","140,49","140,96","141,70","140,00","3,48M","0,20%"
"18.03.2019","140,21","139,83","140,37","138,72","3,27M","0,56%"
"15.03.2019","139,43","139,37","140,33","139,23","7,15M","0,46%"
"14.03.2019","138,79","138,51","138,94","138,06","2,74M","0,17%"
"13.03.2019","138,56","138,05","139,32","137,85","3,17M","0,20%"
"12.03.2019","138,28","138,52","139,69","137,86","3,95M","0,41%"
"11.03.2019","137,71","136,03","137,73","135,84","3,94M","1,94%"
"08.03.2019","135,09","134,21","135,24","133,58","3,77M","-0,20%"
"07.03.2019","135,36","136,61","136,89","134,63","4,36M","-1,18%"
"06.03.2019","136,98","138,12","138,39","136,72","2,77M","-0,65%"
"05.03.2019","137,88","138,37","138,74","137,56","4,25M","-0,40%"
"04.03.2019","138,43","139,99","140,08","137,17","3,41M","-0,55%"
"01.03.2019","139,20","139,31","140,04","138,64","3,03M","0,77%"
"28.02.2019","138,13","138,77","139,06","137,72","3,46M","-0,75%"
"27.02.2019","139,17","139,25","139,57","138,40","2,53M","-0,39%"
"26.02.2019","139,72","139,67","140,49","139,47","3,06M","0,19%"
"25.02.2019","139,46","140,00","140,47","139,32","3,19M","0,15%"
"22.02.2019","139,25","138,73","139,38","138,43","3,11M","1,02%"
"21.02.2019","137,84","137,82","138,35","137,35","2,94M","-0,12%"
"20.02.2019","138,00","138,76","139,24","137,22","3,80M","-0,50%"
"19.02.2019","138,70","137,81","138,70","137,36","3,39M","0,49%"
"15.02.2019","138,03","137,58","138,19","137,38","3,84M","1,14%"
"14.02.2019","136,48","137,17","137,60","136,21","2,79M","-0,76%"
"13.02.2019","137,52","136,92","137,92","136,41","4,25M","1,08%"
"12.02.2019","136,05","135,15","136,20","134,86","3,32M","1,54%"
"11.02.2019","133,99","134,29","135,15","133,91","3,10M","0,21%"
"08.02.2019","133,71","132,34","133,71","132,19","3,25M","0,39%"
"07.02.2019","133,19","133,55","134,47","132,12","4,38M","-2,30%"
"06.02.2019","136,32","135,22","136,65","135,17","4,88M","0,57%"
"05.02.2019","135,55","135,28","135,82","134,92","5,40M","0,27%"
"04.02.2019","135,19","134,02","135,20","132,99","3,97M","0,81%"
"01.02.2019","134,10","134,97","135,20","133,35","3,81M","-0,24%"
"31.01.2019","134,42","134,45","134,72","133,74","4,88M","0,03%"
"30.01.2019","134,38","134,00","135,03","133,25","4,50M","0,04%"
"29.01.2019","134,33","134,29","135,41","133,60","5,04M","0,04%"
"28.01.2019","134,27","133,10","134,81","132,58","5,36M","0,22%"
"25.01.2019","133,97","132,87","134,44","132,43","5,71M","1,09%"
"24.01.2019","132,53","132,63","133,21","131,43","6,32M","-0,27%"
"23.01.2019","132,89","131,37","135,00","130,31","22,06M","8,46%"
"22.01.2019","122,52","123,30","123,80","121,54","10,05M","-1,05%"
"18.01.2019","123,82","123,27","124,72","122,71","6,01M","1,33%"
"17.01.2019","122,19","120,56","122,41","120,55","5,03M","0,47%"
"16.01.2019","121,62","121,58","122,00","120,83","3,84M","-0,09%"
"15.01.2019","121,73","120,96","121,93","120,82","3,51M","1,11%"
"14.01.2019","120,39","120,51","120,65","119,76","5,23M","-0,88%"
"11.01.2019","121,46","121,58","121,61","120,20","3,72M","-0,27%"
"10.01.2019","121,79","120,08","121,86","119,95","3,91M","0,91%"
"09.01.2019","120,69","120,91","121,40","119,87","3,63M","0,72%"
"08.01.2019","119,83","119,66","120,57","118,98","4,76M","1,42%"
"07.01.2019","118,15","117,50","118,83","116,67","3,75M","0,71%"
"04.01.2019","117,32","114,91","117,49","114,44","4,48M","3,91%"
"03.01.2019","112,91","114,53","114,88","112,69","4,35M","-2,00%"
"02.01.2019","115,21","112,01","115,98","111,69","4,24M","1,35%"
"31.12.2018","113,67","113,33","114,35","112,42","4,98M","0,57%"
"28.12.2018","113,03","114,22","114,80","112,50","5,12M","-0,66%"
"27.12.2018","113,78","109,99","113,78","109,47","6,05M","2,15%"
"26.12.2018","111,39","108,00","111,39","105,94","6,65M","3,55%"
"24.12.2018","107,57","109,90","111,00","107,50","3,82M","-3,04%"
"21.12.2018","110,94","112,50","115,28","110,44","10,39M","-1,84%"
"20.12.2018","113,02","115,70","116,45","111,70","8,45M","-2,93%"
"19.12.2018","116,43","117,15","120,27","115,97","6,98M","-0,19%"
"18.12.2018","116,65","116,90","118,23","116,02","6,29M","0,47%"
"17.12.2018","116,10","119,07","119,78","115,07","7,37M","-3,17%"
"14.12.2018","119,90","119,50","121,11","119,44","4,55M","-0,69%"
"13.12.2018","120,73","121,26","121,79","120,17","3,99M","-0,35%"
"12.12.2018","121,16","122,51","122,88","121,00","3,56M","0,22%"
"11.12.2018","120,89","123,25","123,81","120,00","5,04M","-0,20%"
"10.12.2018","121,13","119,74","121,68","118,52","6,55M","1,50%"
"07.12.2018","119,34","123,90","124,05","118,87","7,02M","-3,69%"
"06.12.2018","123,91","119,72","123,91","119,30","6,94M","1,90%"
"04.12.2018","121,60","124,49","124,92","121,33","6,00M","-2,96%"
"03.12.2018","125,31","125,67","126,59","124,36","5,84M","0,84%"
"30.11.2018","124,27","121,66","124,69","121,48","7,25M","2,30%"
"29.11.2018","121,48","122,44","123,12","121,40","5,20M","-1,24%"
"28.11.2018","123,00","121,01","123,09","120,22","5,10M","2,47%"
"27.11.2018","120,03","118,38","120,04","118,37","4,90M","0,39%"
"26.11.2018","119,56","118,37","120,25","118,06","5,01M","2,02%"
"23.11.2018","117,19","118,09","118,34","116,91","2,33M","-1,16%"
"21.11.2018","118,57","117,61","119,51","117,39","5,34M","1,17%"
"20.11.2018","117,20","118,49","119,49","116,70","6,23M","-2,58%"
"19.11.2018","120,31","121,63","122,18","119,77","4,13M","-1,04%"
"16.11.2018","121,57","120,89","121,85","120,54","4,08M","0,11%"
"15.11.2018","121,44","119,66","121,44","119,51","5,21M","1,03%"
"14.11.2018","120,20","121,11","121,93","119,77","4,76M","-0,53%"
"13.11.2018","120,84","121,19","122,25","119,90","4,08M","-0,05%"
"12.11.2018","120,90","123,50","123,57","120,65","5,38M","-2,14%"
"09.11.2018","123,54","123,61","124,57","121,96","6,96M","0,13%"
"08.11.2018","123,38","122,66","124,40","122,63","10,40M","-1,17%"
"07.11.2018","124,84","123,79","125,06","122,33","12,38M","1,40%"
"06.11.2018","123,12","120,70","123,81","120,31","9,60M","2,55%"
"05.11.2018","120,06","116,10","120,77","116,00","9,14M","3,80%"
"02.11.2018","115,67","117,51","117,75","114,54","10,59M","-0,99%"
"01.11.2018","116,83","115,50","117,00","115,11","13,63M","1,21%"
"31.10.2018","115,43","116,49","116,50","114,09","21,64M","0,03%"
"30.10.2018","115,40","120,48","121,50","115,15","21,46M","-3,54%"
"29.10.2018","119,64","119,34","123,95","118,30","20,45M","-4,13%"
"26.10.2018","124,79","125,21","125,78","123,71","8,77M","-1,31%"
"25.10.2018","126,45","127,25","127,79","125,14","10,30M","-0,60%"
"24.10.2018","127,21","131,17","131,69","127,00","5,71M","-3,05%"
"23.10.2018","131,21","129,02","131,90","128,41","6,46M","0,92%"
"22.10.2018","130,02","129,58","130,44","128,40","5,72M","0,71%"
"19.10.2018","129,10","130,65","131,89","127,96","7,79M","-1,11%"
"18.10.2018","130,55","132,73","133,40","130,04","10,01M","-2,61%"
"17.10.2018","134,05","135,89","137,15","133,42","19,46M","-7,63%"
"16.10.2018","145,12","142,93","145,45","141,58","8,70M","2,83%"
"15.10.2018","141,13","140,38","142,26","140,14","4,97M","0,20%"
"12.10.2018","140,85","141,12","141,54","139,08","6,56M","1,32%"
"11.10.2018","139,02","142,62","144,19","138,78","8,71M","-2,57%"
"10.10.2018","142,69","147,50","147,69","142,50","5,55M","-3,09%"
"09.10.2018","147,24","148,08","148,36","146,93","3,64M","-0,77%"
"08.10.2018","148,39","148,50","149,07","147,18","3,24M","-0,43%"
"05.10.2018","149,03","150,90","151,79","147,87","4,60M","-1,51%"
"04.10.2018","151,31","151,69","152,80","150,36","4,24M","-1,25%"
"03.10.2018","153,22","154,00","154,36","152,80","3,32M","-0,34%"
"02.10.2018","153,75","152,99","153,84","152,50","3,03M","0,49%"
"01.10.2018","153,00","151,71","153,42","151,71","3,76M","1,18%"
"28.09.2018","151,21","151,16","151,62","150,79","3,31M","-0,19%"
"27.09.2018","151,50","152,01","152,39","151,16","3,48M","-0,07%"
"26.09.2018","151,61","152,40","153,35","151,34","7,40M","1,81%"
"25.09.2018","148,91","149,91","150,41","148,36","4,40M","-0,75%"
"24.09.2018","150,03","151,10","151,20","149,46","4,26M","-0,87%"
"21.09.2018","151,35","151,48","152,60","150,74","19,95M","0,13%"
"20.09.2018","151,15","149,58","151,38","149,44","5,95M","1,40%"
"19.09.2018","149,06","148,63","149,96","148,23","4,25M","0,34%"
"18.09.2018","148,56","147,76","148,99","147,47","3,63M","0,42%"
"17.09.2018","147,94","148,44","149,07","147,77","3,55M","-0,26%"
"14.09.2018","148,33","148,85","149,30","147,78","3,45M","-0,42%"
"13.09.2018","148,95","147,35","149,00","147,12","5,35M","1,62%"
"12.09.2018","146,57","146,37","147,98","146,03","4,51M","0,05%"
"11.09.2018","146,49","146,00","146,99","145,25","3,37M","0,58%"
"10.09.2018","145,65","146,60","147,30","145,56","3,62M","0,14%"
"07.09.2018","145,45","145,94","146,50","145,12","4,69M","-0,64%"
"06.09.2018","146,39","146,88","147,66","145,54","4,25M","-0,18%"
"05.09.2018","146,66","145,19","146,75","145,05","3,13M","0,67%"
"04.09.2018","145,68","145,98","146,19","144,81","3,33M","-0,55%"
"31.08.2018","146,48","145,72","146,78","145,54","3,49M","0,38%"
"30.08.2018","145,93","147,03","147,30","145,25","3,34M","-1,09%"
"29.08.2018","147,54","146,87","147,93","146,60","3,15M","0,65%"
"28.08.2018","146,59","146,95","146,99","146,19","2,46M","-0,07%"
"27.08.2018","146,69","146,94","147,62","146,52","3,49M","0,45%"
"24.08.2018","146,04","145,46","146,09","144,87","2,78M","0,46%"
"23.08.2018","145,37","145,04","145,52","144,75","2,22M","0,09%"
"22.08.2018","145,24","146,01","146,16","145,19","2,39M","-0,50%"
"21.08.2018","145,97","147,00","147,12","145,89","3,11M","-0,37%"
"20.08.2018","146,51","146,37","147,16","146,15","2,50M","0,31%"
"17.08.2018","146,06","144,79","146,39","144,69","2,68M","0,50%"
"16.08.2018","145,34","144,37","145,68","144,37","5,25M","0,99%"
"15.08.2018","143,91","142,55","144,00","142,00","4,24M","0,38%"
"14.08.2018","143,36","143,00","143,82","142,93","2,86M","0,46%"
"13.08.2018","142,71","144,15","144,30","142,53","2,86M","-1,23%"
"10.08.2018","144,48","144,50","145,07","143,88","3,00M","-0,20%"
"09.08.2018","144,77","145,53","145,94","144,73","3,09M","-1,44%"
"08.08.2018","146,89","147,33","147,43","146,24","3,58M","-0,08%"
"07.08.2018","147,01","146,65","147,64","146,35","3,51M","0,67%"
"06.08.2018","146,03","146,95","147,20","145,57","3,91M","-1,13%"
"03.08.2018","147,70","143,24","147,92","143,00","8,05M","3,32%"
"02.08.2018","142,96","142,86","143,36","142,33","3,84M","-0,38%"
"01.08.2018","143,50","144,76","145,19","143,34","3,39M","-0,99%"
"31.07.2018","144,93","145,74","145,80","144,16","5,47M","-0,38%"
"30.07.2018","145,49","144,80","146,24","144,69","3,61M","0,23%"
"27.07.2018","145,15","146,89","147,14","144,66","3,75M","-1,06%"
"26.07.2018","146,71","147,43","149,27","146,63","4,78M","0,06%"
"25.07.2018","146,62","146,01","146,65","145,50","3,62M","0,16%"
"24.07.2018","146,38","146,70","147,04","145,92","3,89M","0,47%"
"23.07.2018","145,70","146,35","146,70","145,01","3,90M","-0,44%"
"20.07.2018","146,35","148,58","148,86","146,26","6,42M","-1,94%"
"19.07.2018","149,24","147,85","150,54","147,25","14,66M","3,27%"
"18.07.2018","144,52","143,51","144,80","142,74","6,94M","0,72%"
"17.07.2018","143,49","144,75","145,00","143,34","5,10M","-1,35%"
"16.07.2018","145,46","145,67","145,79","144,21","3,47M","-0,30%"
"13.07.2018","145,90","146,45","146,98","145,80","3,07M","-0,38%"
"12.07.2018","146,45","145,85","146,83","145,74","3,12M","1,04%"
"11.07.2018","144,94","144,00","146,19","144,00","3,53M","0,16%"
"10.07.2018","144,71","144,51","145,59","144,25","3,78M","0,22%"
"09.07.2018","144,39","142,59","144,72","142,47","3,90M","1,34%"
"06.07.2018","142,48","141,53","142,94","141,17","2,91M","0,74%"
"05.07.2018","141,43","140,48","141,43","139,93","3,74M","1,33%"
"03.07.2018","139,57","140,65","140,94","139,37","1,96M","-0,21%"
"02.07.2018","139,86","138,28","140,22","138,20","3,41M","0,11%"
"29.06.2018","139,70","140,32","141,36","139,61","3,75M","-0,24%"
"28.06.2018","140,04","138,10","140,54","137,94","4,52M","1,86%"
"27.06.2018","137,48","139,11","139,78","137,45","4,10M","-1,15%"
"26.06.2018","139,08","139,36","139,85","138,33","4,14M","0,21%"
"25.06.2018","138,79","140,40","140,40","138,28","8,94M","-1,76%"
"22.06.2018","141,28","141,64","141,81","140,78","6,01M","0,02%"
"21.06.2018","141,25","142,59","143,14","140,83","3,89M","-0,97%"
"20.06.2018","142,63","144,22","144,52","142,41","3,33M","-0,88%"
"19.06.2018","143,90","143,12","144,22","142,95","3,49M","-0,40%"
"18.06.2018","144,48","144,18","144,52","143,14","4,29M","-0,63%"
"15.06.2018","145,39","144,90","145,47","143,70","9,12M","0,13%"
"14.06.2018","145,20","146,65","146,98","145,09","3,33M","-0,79%"
"13.06.2018","146,35","146,79","147,47","146,20","2,97M","-0,35%"
"12.06.2018","146,87","147,10","147,52","146,62","2,64M","0,20%"
"11.06.2018","146,58","146,62","147,41","146,14","3,26M","0,30%"
"08.06.2018","146,14","145,00","146,43","144,37","5,21M","0,54%"
"07.06.2018","145,36","145,00","146,70","144,93","4,32M","0,45%"
"06.06.2018","144,71","144,34","144,72","143,54","3,22M","0,70%"
"05.06.2018","143,70","143,05","144,08","143,04","2,84M","0,46%"
"04.06.2018","143,04","142,30","143,17","142,18","3,04M","0,77%"
"01.06.2018","141,95","142,43","142,84","141,62","3,86M","0,45%"
"31.05.2018","141,31","142,81","142,81","141,05","6,83M","-0,92%"
"30.05.2018","142,62","141,90","143,10","141,82","5,12M","0,99%"
"29.05.2018","141,22","142,53","142,89","140,21","4,54M","-1,68%"
"25.05.2018","143,64","143,90","144,57","143,46","4,91M","-0,30%"
"24.05.2018","144,07","144,39","144,48","142,95","3,40M","-0,41%"
"23.05.2018","144,67","144,35","144,70","143,48","3,46M","-0,29%"
"22.05.2018","145,09","145,52","146,20","145,00","2,28M","-0,27%"
"21.05.2018","145,49","144,95","146,04","144,68","2,89M","0,98%"
"18.05.2018","144,08","144,47","144,94","143,99","2,68M","-0,29%"
"17.05.2018","144,50","144,50","145,19","143,77","3,15M","-0,09%"
"16.05.2018","144,63","143,70","145,03","143,27","3,17M","0,62%"
"15.05.2018","143,74","143,50","143,99","142,92","4,09M","-0,39%"
"14.05.2018","144,30","144,47","145,12","144,14","3,22M","0,11%"
"11.05.2018","144,14","144,11","144,85","143,58","3,07M","-0,07%"
"10.05.2018","144,24","143,15","144,33","143,01","3,73M","1,14%"
"09.05.2018","142,61","141,90","143,02","141,28","4,20M","-0,27%"
"08.05.2018","143,00","143,00","143,51","142,06","5,37M","-0,15%"
"07.05.2018","143,22","144,00","144,32","142,64","3,66M","-0,48%"
"04.05.2018","143,91","141,10","144,35","140,28","4,40M","1,35%"
"03.05.2018","141,99","142,13","142,23","139,90","5,02M","-0,32%"
"02.05.2018","142,45","144,46","144,82","142,07","5,19M","-1,76%"
"01.05.2018","145,00","144,65","145,02","143,47","4,43M","0,03%"
"30.04.2018","144,96","146,86","147,38","144,96","4,42M","-1,04%"
"27.04.2018","146,48","146,84","147,25","145,66","3,21M","-0,16%"
"26.04.2018","146,72","146,60","147,36","146,20","4,27M","0,53%"
"25.04.2018","145,94","145,79","146,40","144,11","7,33M","0,26%"
"24.04.2018","145,56","146,51","147,30","144,53","4,92M","-0,21%"
"23.04.2018","145,86","145,03","145,96","144,33","5,32M","0,66%"
"20.04.2018","144,90","147,90","147,97","144,51","8,27M","-1,90%"
"19.04.2018","147,70","149,19","149,21","146,62","8,09M","-0,73%"
"18.04.2018","148,79","152,14","152,63","148,26","20,38M","-7,53%"
"17.04.2018","160,91","158,82","162,00","158,51","10,21M","1,91%"
"16.04.2018","157,89","157,99","159,14","157,67","4,19M","0,75%"
"13.04.2018","156,71","158,67","159,22","155,91","4,06M","-0,86%"
"12.04.2018","158,07","156,75","158,98","156,67","5,64M","1,74%"
"11.04.2018","155,36","154,37","155,78","153,88","3,31M","-0,02%"
"10.04.2018","155,39","155,03","156,60","154,75","3,96M","1,77%"
"09.04.2018","152,69","151,80","154,66","151,74","4,41M","1,41%"
"06.04.2018","150,57","153,46","153,95","149,54","3,67M","-2,25%"
"05.04.2018","154,03","154,44","154,92","153,34","3,19M","-0,06%"
"04.04.2018","154,12","147,89","154,47","147,45","4,81M","2,85%"
"03.04.2018","149,85","150,80","151,00","148,30","4,14M","-0,15%"
"02.04.2018","150,07","153,34","153,38","148,43","5,15M","-2,19%"
"29.03.2018","153,43","153,07","153,89","151,08","3,42M","0,60%"
"28.03.2018","152,52","152,07","153,86","151,89","3,66M","0,40%"
"27.03.2018","151,91","153,95","154,87","151,16","3,88M","-0,95%"
"26.03.2018","153,37","151,21","153,66","150,28","4,10M","3,01%"
"23.03.2018","148,89","152,25","152,58","148,54","4,44M","-2,10%"
"22.03.2018","152,09","155,00","155,25","152,00","4,75M","-2,94%"
"21.03.2018","156,69","156,57","158,20","155,92","3,48M","0,31%"
"20.03.2018","156,20","157,52","157,93","155,29","4,34M","-0,73%"
"19.03.2018","157,35","159,71","159,89","156,45","5,48M","-1,82%"
"16.03.2018","160,26","160,06","161,98","159,64","9,26M","0,41%"
"15.03.2018","159,61","158,71","161,25","158,52","3,87M","0,94%"
"14.03.2018","158,12","160,17","160,68","157,74","3,63M","-0,75%"
"13.03.2018","159,32","160,09","162,11","158,81","4,19M","-0,59%"
"12.03.2018","160,26","159,64","161,02","158,87","5,06M","0,60%"
"09.03.2018","159,31","157,47","159,58","157,30","5,02M","1,98%"
"08.03.2018","156,21","159,00","159,57","155,07","6,46M","-1,33%"
"07.03.2018","158,32","155,00","158,83","154,73","4,61M","1,67%"
"06.03.2018","155,72","157,28","157,89","155,16","3,69M","-0,78%"
"05.03.2018","156,95","154,12","157,49","153,75","3,67M","1,59%"
"02.03.2018","154,49","152,79","154,76","151,88","3,26M","0,44%"
"01.03.2018","153,81","155,53","156,97","152,79","4,04M","-1,30%"
"28.02.2018","155,83","157,50","158,14","155,80","3,80M","-0,46%"
"27.02.2018","156,55","158,46","159,78","156,53","4,24M","-1,28%"
"26.02.2018","158,58","155,81","158,88","155,51","3,61M","1,97%"
"23.02.2018","155,52","154,30","155,85","154,07","3,26M","1,53%"
"22.02.2018","153,18","154,50","155,04","152,79","4,02M","-0,51%"